{
  "data":{
    "ms_time":3896,
    "goods_list":[
      {
        "id":1,
        "good_img":"/shop/img/good.jpg",
        "name":"分布式无线路由器",
        "progress":30,
        "new_price":2387,
        "old_price":3785
      },
      {
        "id":2,
        "good_img":"/shop/img/good.jpg",
        "name":"分布式无线路由器",
        "progress":80,
        "new_price":248,
        "old_price":589
      },
      {
        "id":3,
        "good_img":"/shop/img/good.jpg",
        "name":"分布式无线路由器",
        "progress":50,
        "new_price":192,
        "old_price":450
      },
      {
        "id":4,
        "good_img":"/shop/img/good.jpg",
        "name":"分布式无线路由器",
        "progress":68,
        "new_price":1204,
        "old_price":4667
      },
      {
        "id":5,
        "good_img":"/shop/img/good.jpg",
        "name":"分布式无线路由器",
        "progress":40,
        "new_price":193,
        "old_price":495
      }
    ]
  },
  "code":200,
  "msg":"成功"
}